,mape,smape,mae,r2_value
Valid1,293797799178.1714,0.12385478676235905,0.042314317439738736,0.9019486605443697
Valid2,427198000047.891,0.1447726772462067,0.04636190303713023,0.8977082894253737
mean_nbeats_valid,360497899613.0312,0.13431373200428287,0.04433811023843448,0.8998284749848717
