,mape,smape,mae,r2_value
Valid1,401694142006.16144,0.15309405333360745,0.07196298222153205,0.8451721627008475
Valid2,878255387081.1444,0.19846230171249435,0.0943619818336484,0.7761559275141675
mean_nbeats_valid,639974764543.653,0.17577817752305092,0.08316248202759022,0.8106640451075076
