,mape,smape,mae,r2_value
Valid1,339859665881.9677,0.04146575149607219,0.011497652627899566,0.9752683000227454
Valid2,87640916132.11998,0.06330041569811846,0.013030002020803528,0.9761767010765203
mean_tcn_valid,213750291007.04385,0.05238308359709533,0.012263827324351547,0.9757225005496328
