,mape,smape,mae,r2_value
Valid1,185733319107.49118,0.04362217503293071,0.012436557201691671,0.978408005954135
Valid2,144545122971.017,0.05635920223538366,0.015394335322032857,0.9781160381910567
mean_tcn_valid,165139221039.2541,0.04999068863415719,0.013915446261862264,0.9782620220725959
