,mape,smape,mae,r2_value
Valid1,370597108751.1894,0.040466399311347837,0.011327374357314547,0.9784792183126869
Valid2,77305369799.36008,0.06273837796539772,0.012757343713522886,0.9783667166008714
mean_tcn_valid,223951239275.27472,0.05160238863837278,0.012042359035418716,0.9784229674567791
