,mape,smape,mae,r2_value
Valid1,76521972695040.0,1.5729179382324219,0.04751279205083847,0.9019417094603993
Valid2,80105267265536.0,1.5718413591384888,0.06560835987329483,0.7403815719819221
mean_tcn_valid,78313619980288.0,1.5723796486854553,0.05656057596206665,0.8211616407211607
