,mape,smape,mae,r2_value
Valid1,19626740154368.0,1.558380365371704,0.027439381927251816,0.9435918536593487
Valid2,31198938136576.0,1.560003399848938,0.04447779059410095,0.841257140522012
mean_tft_valid,25412839145472.0,1.559191882610321,0.03595858812332153,0.8924244970906803
