,mape,smape,mae,r2_value
Valid1,144458678269.12875,0.07574283515361376,0.024318181760344275,0.9418621850847866
Valid2,215765374193.18976,0.10039690157096637,0.037188808187059004,0.9133064937283568
mean_transformers_valid,180112026231.15924,0.08806986836229005,0.03075349497370164,0.9275843394065717
