,mape,smape,mae,r2_value
Valid1,103724318838.78273,0.0524195739971842,0.017277894129940137,0.9749093241197903
Valid2,464694815109.38446,0.08762224549436314,0.03389277988402957,0.9296040925936304
mean_transformers_valid,284209566974.0836,0.07002090974577367,0.025585337006984853,0.9522567083567104
