,mape,smape,mae,r2_value
Valid1,147648131317.28577,0.05658317231385524,0.013815814986514722,0.9691920338617945
Valid2,480227682151.9182,0.08413401898560918,0.02841136485077557,0.9374309159153495
mean_transformers_valid,313937906734.602,0.07035859564973221,0.021113589918645145,0.953311474888572
